Key,Order ID
4000,CA-2011-102988
4001,CA-2011-116904
4002,CA-2011-154627
4003,CA-2011-160766
4004,CA-2011-168494
4005,CA-2012-111829
4006,CA-2012-114811
4007,CA-2012-116638
4008,CA-2012-124891
4009,CA-2012-139731
4010,CA-2012-145352
4011,CA-2013-143805
4012,CA-2013-159016
4013,CA-2014-118892
4014,CA-2014-129021
4015,CA-2014-135909
4016,CA-2014-138289
4017,CA-2014-143567
4018,CA-2014-6550
4019,CG-2011-8610
4020,CG-2013-6110
4021,ES-2011-4699764
4022,ES-2012-2058076
4023,ES-2012-5870268
4024,ES-2012-5877219
4025,ES-2013-1434123
4026,ES-2013-1579342
4027,ES-2013-2860574
4028,ES-2013-3467296
4029,ES-2013-4670866
4030,ES-2014-1651774
4031,ES-2014-2637201
4032,ES-2014-3785216
4033,ES-2014-4673578
4034,ES-2014-5099955
4035,ID-2012-28402
4036,ID-2012-78207
4037,ID-2013-63976
4038,IN-2011-10286
4039,IN-2011-28087
4040,IN-2011-44803
4041,IN-2011-46413
4042,IN-2011-61302
4043,IN-2011-62506
4044,IN-2011-81826
4045,IN-2012-44810
4046,IN-2012-48240
4047,IN-2012-64774
4048,IN-2012-66342
4049,IN-2012-86369
4050,IN-2013-40050
4051,IN-2013-42360
4052,IN-2013-48765
4053,IN-2013-69730
4054,IN-2013-71249
4055,IN-2013-73951
4056,IN-2013-77878
4057,IN-2014-11231
4058,IN-2014-11763
4059,IN-2014-30110
4060,IN-2014-35983
4061,IN-2014-37320
4062,IN-2014-50473
4063,IN-2014-51950
4064,IN-2014-61792
4065,IN-2014-66615
4066,IN-2014-75470
4067,IN-2014-76016
4068,IR-2014-8540
4069,IT-2011-3183678
4070,IT-2013-3085011
4071,IT-2013-3376681
4072,IT-2014-4540740
4073,MO-2013-8630
4074,MO-2014-2000
4075,MX-2011-110275
4076,MX-2012-130015
4077,MX-2014-126984
4078,MX-2014-154907
4079,MX-2014-165309
4080,MZ-2013-3690
4081,PL-2012-7820
4082,SA-2011-1830
4083,SG-2013-4320
4084,TZ-2014-8190
4085,UP-2011-8610
4086,US-2011-128776
4087,US-2012-163825
4088,US-2013-102239
4089,US-2014-133193
4090,US-2014-135013
4091,US-2014-168116
