Key,Product ID
14000,FUR-BO-10001073
14001,FUR-BO-10001372
14002,FUR-BO-10003282
14003,FUR-BO-10004852
14004,FUR-BO-10004999
14005,FUR-CH-10000027
14006,FUR-CH-10000602
14007,FUR-CH-10000891
14008,FUR-CH-10001415
14009,FUR-CH-10002024
14010,FUR-CH-10002033
14011,FUR-CH-10002891
14012,FUR-CH-10003232
14013,FUR-CH-10003365
14014,FUR-CH-10003950
14015,FUR-CH-10004050
14016,FUR-CHR-10001018
14017,FUR-HAR-10002873
14018,FUR-HON-10000224
14019,FUR-TA-10000198
14020,FUR-TA-10000226
14021,FUR-TA-10000687
14022,FUR-TA-10001205
14023,FUR-TA-10001889
14024,FUR-TA-10002827
14025,FUR-TA-10002958
14026,FUR-TA-10003392
14027,FUR-TA-10003473
14028,FUR-TA-10004744
14029,OFF-AP-10000423
14030,OFF-AP-10000486
14031,OFF-AP-10001621
14032,OFF-AP-10001630
14033,OFF-AP-10002244
14034,OFF-AP-10002552
14035,OFF-AP-10002945
14036,OFF-AP-10003500
14037,OFF-AP-10003590
14038,OFF-AP-10004246
14039,OFF-AP-10004512
14040,OFF-BI-10001120
14041,OFF-BI-10003527
14042,OFF-BI-10004995
14043,OFF-HOO-10001881
14044,OFF-KIT-10004058
14045,OFF-SU-10002881
14046,TEC-AC-10003033
14047,TEC-AC-10004145
14048,TEC-APP-10000308
14049,TEC-CAN-10001437
14050,TEC-CAN-10003392
14051,TEC-CIS-10001717
14052,TEC-CO-10000013
14053,TEC-CO-10000865
14054,TEC-CO-10001449
14055,TEC-CO-10001766
14056,TEC-CO-10001954
14057,TEC-CO-10002269
14058,TEC-CO-10002526
14059,TEC-CO-10003102
14060,TEC-CO-10004997
14061,TEC-MA-10000045
14062,TEC-MA-10000161
14063,TEC-MA-10002680
14064,TEC-MA-10003979
14065,TEC-MA-10004125
14066,TEC-MOT-10000554
14067,TEC-MOT-10002272
14068,TEC-PH-10000030
14069,TEC-PH-10000499
14070,TEC-PH-10001363
14071,TEC-PH-10001459
14072,TEC-PH-10002035
14073,TEC-PH-10002565
14074,TEC-PH-10002683
14075,TEC-PH-10002815
14076,TEC-PH-10002885
14077,TEC-PH-10003856
14078,TEC-PH-10004182
14079,TEC-PH-10004196
14080,TEC-PH-10004327
14081,TEC-PH-10004505
14082,TEC-PH-10004583
14083,TEC-PH-10004664
14084,TEC-SHA-10000501
